insert into genres(id, name) values(10000, 'Absurdist');
insert into genres(id, name) values(10001, 'Action');
insert into genres(id, name) values(10002, 'Adventure');
insert into genres(id, name) values(10003, 'Comedy');
insert into genres(id, name) values(10004, 'Crime');
insert into genres(id, name) values(10005, 'Drama');
insert into genres(id, name) values(10006, 'Fantasy');
insert into genres(id, name) values(10007, 'Historical');
insert into genres(id, name) values(10008, 'Historical fiction');
insert into genres(id, name) values(10009, 'Magical realism');
insert into genres(id, name) values(100011, 'Mystery');
insert into genres(id, name) values(100012, 'Paranoid fiction');
insert into genres(id, name) values(100013, 'Philosophical');
insert into genres(id, name) values(100014, 'Political');
insert into genres(id, name) values(100015, 'Romance');
insert into genres(id, name) values(100016, 'Saga');
insert into genres(id, name) values(100017, 'Satire');
insert into genres(id, name) values(100018, 'Science fiction');
insert into genres(id, name) values(100019, 'Social');
insert into genres(id, name) values(100020, 'Speculative');
insert into genres(id, name) values(100021, 'Thriller');
insert into genres(id, name) values(100022, 'Urban');
insert into genres(id, name) values(100023, 'Western');

insert into production_companies(id, name) values(10000, 'Universal Pictures');
insert into production_companies(id, name) values(10001, 'Warner Bros');
insert into production_companies(id, name) values(10002, 'Sony Pictures Motion Picture Group');
insert into production_companies(id, name) values(10003, 'Walt Disney Studios');
insert into production_companies(id, name) values(10004, '20th Century Fox');
insert into production_companies(id, name) values(10005, 'Paramount Pictures');
insert into production_companies(id, name) values(10006, 'Lionsgate Films');
insert into production_companies(id, name) values(10007, 'The Weinstein Company');
insert into production_companies(id, name) values(10008, 'Metro-Goldwyn-Mayer Studios');
insert into production_companies(id, name) values(10009, 'DreamWorks Pictures');

insert into movies(id, title, trailer_uri, description, duration, release_year) values(10000, 'Basic Instinct', 'b_20N7t-umo', 'A violent police detective investigates a brutal murder that might involve a manipulative and seductive novelist.', 129, 1992);
insert into movie_genres(id, movie_id, genre_id) values(10000, 10000, 10001);
insert into movie_genres(id, movie_id, genre_id) values(10001, 10000, 10002);
insert into movie_genres(id, movie_id, genre_id) values(10002, 10000, 10003);
insert into movie_production_companies(id, movie_id, production_company_id) values(10000, 10000, 10001);
insert into movie_production_companies(id, movie_id, production_company_id) values(10001, 10000, 10002);
insert into movie_production_companies(id, movie_id, production_company_id) values(10002, 10000, 10003);

insert into movies(id, title, trailer_uri, description, duration, release_year) values(10001, 'The Shawshank Redemption', '6hB3S9bIaco', 'Two imprisoned men bond over a number of years, finding solace and eventual redemption through acts of common decency.', 142, 1994);
insert into movie_genres(id, movie_id, genre_id) values(10003, 10001, 10004);
insert into movie_genres(id, movie_id, genre_id) values(10004, 10001, 10005);
insert into movie_genres(id, movie_id, genre_id) values(10005, 10001, 10006);
insert into movie_production_companies(id, movie_id, production_company_id) values(10003, 10001, 10004);
insert into movie_production_companies(id, movie_id, production_company_id) values(10004, 10001, 10005);
insert into movie_production_companies(id, movie_id, production_company_id) values(10005, 10001, 10006);

insert into movies(id, title, trailer_uri, description, duration, release_year) values(10002, 'Pulp Fiction', 's7EdQ4FqbhY', 'The lives of two mob hitmen, a boxer, a gangster and his wife, and a pair of diner bandits intertwine in four tales of violence and redemption.', 154, 1994);
insert into movie_genres(id, movie_id, genre_id) values(10006, 10002, 10007);
insert into movie_genres(id, movie_id, genre_id) values(10007, 10002, 10008);
insert into movie_genres(id, movie_id, genre_id) values(10008, 10002, 10009);
insert into movie_production_companies(id, movie_id, production_company_id) values(10006, 10002, 10007);
insert into movie_production_companies(id, movie_id, production_company_id) values(10007, 10002, 10008);
insert into movie_production_companies(id, movie_id, production_company_id) values(10008, 10002, 10009);

insert into movies(id, title, trailer_uri, description, duration, release_year) values(10003, 'Forrest Gump', '.', '.', 144, 1994);
insert into movies(id, title, trailer_uri, description, duration, release_year) values(10004, 'Fight Club', '.', '.', 139, 1999);
insert into movies(id, title, trailer_uri, description, duration, release_year) values(10005, 'Inception', '.', '.', 148, 2010);
insert into movies(id, title, trailer_uri, description, duration, release_year) values(10006, 'The Matrix', '.', '.', 136, 1999);
insert into movies(id, title, trailer_uri, description, duration, release_year) values(10007, 'Goodfellas', '.', '.', 146, 1990);
insert into movies(id, title, trailer_uri, description, duration, release_year) values(10008, 'Life Is Beautiful', '.', '.', 116, 1997);
insert into movies(id, title, trailer_uri, description, duration, release_year) values(10009, 'The Silence of the Lambs', '.', '.', 118, 1991);
insert into movies(id, title, trailer_uri, description, duration, release_year) values(10010, 'The Usual Suspects', '.', '.', 106, 1995);

insert into app_users(id, username, password, name) values(10000, 'pera', 'Pera.brat123', 'Petar Djokic');
insert into app_users(id, username, password, name) values(10001, 'mika', 'mika123', 'Milos Radic');
insert into app_users(id, username, password, name) values(10002, 'teo', 'teo123', 'Teodor Stosic');